worker_gpu,te_gpu,index,prompt_id,seed,execution_start_ms,execution_success_ms,execution_s,image_sha256
3080 Ti Laptop,5090 Laptop,1,f32145a0-4278-4bdd-8d88-147630f38d24,2000,1790532224262,1790532257822,33.56,2b24118e923ee79c18f45b39486bed1127dfc3faf4685396492b6a792f3f1612
3080 Ti Laptop,5090 Laptop,2,2e3711fd-7f26-4f38-9eaf-81417b654391,2001,1790532259004,1790532263000,3.996,7cd5c715424d48bde2c1637dcb3614c56387ea7176e4e8d23884aceffb3d68eb
3080 Ti Laptop,5090 Laptop,3,5a9620dc-5647-4dda-9810-b3abddc53c80,2002,1790532263548,1790532267624,4.076,fd530c2e431a74d265cf6ca4c4274bab9523b5b33ce61f8a9e83634d85328ec2
3080 Ti Laptop,5090 Laptop,4,4f1ab6cd-4656-4f97-8e80-44f7f83c5d2a,2003,1790532268286,1790532272134,3.848,c9c2cf576d555952963b2a184b0f398cb50e0b9e6f5a606f25f24c368e81a70e
3080 Ti Laptop,5090 Laptop,5,1eeec475-03d8-4c01-8488-d6d89b6cea8d,2004,1790532272816,1790532276784,3.968,be018f41f394347f2c2630b64d9e09ceedd101a0f05ddd6d37c559d21a9793dd
3080 Ti Laptop,5090 Laptop,6,b56d75c6-1a91-4a87-b75b-2cd664b8880e,2005,1790532277289,1790532281174,3.885,37bdff75f4abbd466248ba8aee472b3f30b7208b0e1be345bc47bb012502169d
3080 Ti Laptop,5090 Laptop,7,0d8f699a-bb20-441d-8e68-6d95c4a7e383,2006,1790532281761,1790532285734,3.973,313cca7d69f678401eeae5d33e137d18589faf08ff273162740f194b20be23cf
3080 Ti Laptop,5090 Laptop,8,a74fdf4a-deec-4b79-8adb-6cfbd8a228fc,2007,1790532286328,1790532290342,4.014,4637167f7b4dbb5e1cf76963e3489aaebbdcff1daa38225294ecf3f2ec38918f
3080 Ti Laptop,5090 Laptop,9,e7a0bda5-89f4-4b84-9b5b-9d6f58675b4e,2008,1790532290863,1790532294767,3.904,4c061faa04760a1fc569d681c07e37ceeef22456dc36a10295c88f3758c5e85d
3080 Ti Laptop,5090 Laptop,10,e3fae963-8561-4c45-a340-c43bab6a5a33,2009,1790532295386,1790532299212,3.826,635fe425032f6ea631e82477925ac3014667abc2edc842dd6fb0e8e1003cea09
3080 Ti Laptop,5090 Laptop,11,1f2db7cb-95a7-4c75-94e7-9dae2073a7cd,2010,1790532299917,1790532303802,3.885,714b65912787a0c3483a402aa0cfab81ba56afebceb16b40410a3097b8a61843
3080 Ti Laptop,5090 Laptop,12,4b6f1448-39a7-4c86-8ea4-3587d54f0875,2011,1790532304519,1790532308501,3.982,ced88e58e51da81b2001a75d98afba89aecd8c6e46dec282ecc21ab69a212e2f
3080 Ti Laptop,5090 Laptop,13,31060ac0-cb60-45e8-a045-d0fe67912a52,2012,1790532309012,1790532312970,3.958,369a2a4d274dae2d4a7d8aaef1986a3c071f337d87bc41565b28b54b1cebef8d
3080 Ti Laptop,5090 Laptop,14,79e58471-a866-47d3-b31b-fdb64b3fb910,2013,1790532313448,1790532317326,3.878,cedf60cb2942dc9643086d0e0894ee22e7806b8243f2d885844d0fbd31d0bdf3
3080 Ti Laptop,5090 Laptop,15,2800183e-1ec9-4779-ba24-f094af9bff12,2014,1790532318040,1790532322287,4.247,a84c63fd3e193f056a70536909867c1f41da2b7a6a9566bdd74d909ed36cd59e
3080 Ti Laptop,5090 Laptop,16,92b2244b-9c1e-49b2-b61a-3c5a5dce900d,2015,1790532322812,1790532326719,3.907,74c599e0af279fb8ebb1b0ca71dfd43d10528de733251b59931bd1041b4b54f4
3080 Ti Laptop,5090 Laptop,17,61221066-213e-409c-bb9c-2c6573e066b8,2016,1790532327311,1790532331189,3.878,3469eea4313b931007191aee62b4233322d007d293bb7d14b8af6dec2653ba8b
3080 Ti Laptop,5090 Laptop,18,f036044b-463f-496d-9bbb-33ba1bbacf53,2017,1790532331832,1790532335862,4.03,2a873255de812619f3831ba2211be932164d4a3aab54cc88a2068e3e3014529b
3080 Ti Laptop,5090 Laptop,19,fccd61a2-be3f-405f-9ffe-cde151e759e7,2018,1790532336289,1790532340221,3.932,161f6502d8542997f689ee4aa672c31b744347f2fac305c0ed3f1b69637fa42e
3080 Ti Laptop,5090 Laptop,20,8ddfb307-ca7e-4a42-ad02-26e9c90a6182,2019,1790532340713,1790532344833,4.12,a03affa1bfe9b73ec180a1ce5d75c1a8337fa7c03f767ace4f9360994b2943c6
5080 Laptop,3080 Ti Laptop,1,52d7d795-e163-4c27-850e-eff21e47aa88,2000,1790531374246,1790531400903,26.657,7bf2e7be2a47a963b3e567c83d3d53664ac654c726ff60cafa7e2dbd80492fff
5080 Laptop,3080 Ti Laptop,2,36491583-2501-487f-a610-ef1f83ff5620,2001,1790531401664,1790531407560,5.896,05ed15686c0cbf9311c2e428f7ec206af3203b235611ab2233d383980a6d0a5e
5080 Laptop,3080 Ti Laptop,3,5f3e4f52-959a-45a7-befe-d2dafd910477,2002,1790531408147,1790531413181,5.034,02b390ca0b8c240c2fc445d1a2f98acc31bc73f27f62ca641521afd0808ed6dd
5080 Laptop,3080 Ti Laptop,4,2180a59d-1126-4240-ad51-a2665d9de6ea,2003,1790531414606,1790531419603,4.997,0630d47fd9cf5ae756647f8067f1c0842950442941b25db9d797eb8e01eb160b
5080 Laptop,3080 Ti Laptop,5,68dab23d-e79a-4330-9b13-ca7591117e55,2004,1790531421056,1790531425866,4.81,8d082450b64bc72ff1612fbd2236d73a659e26dd92da2e2aaedfb7f46d8f4fd9
5080 Laptop,3080 Ti Laptop,6,ba146ca4-eeed-4b98-9c2c-b098f069cbfb,2005,1790531427450,1790531432592,5.142,6f522f0e3b9c8a3b4f088d4a814eb7d2cec4890d5e681252efce76787d1130b7
5080 Laptop,3080 Ti Laptop,7,c38e83cf-5f6e-48d6-8f79-2e59bff014fd,2006,1790531433906,1790531438839,4.933,0cb2df7c8d8c9ba72cd36134c6027e51b935a40c9638dab2bee6d1750874f7b6
5080 Laptop,3080 Ti Laptop,8,4cc039e3-0904-4bc2-a986-3674f7b7e861,2007,1790531440305,1790531445312,5.007,f8fc0f6de7966b50f05e6406e146ffe0e44d988e15a4ca289c8ccee112b995c5
5080 Laptop,3080 Ti Laptop,9,e1aabb08-d0c4-4d2f-96a0-c6a707f6a25f,2008,1790531446707,1790531451590,4.883,cba5afe32a61859505fc03b36e286dd5ae8e7cf4215f0f461958093afebc2d52
5080 Laptop,3080 Ti Laptop,10,2112c957-ccf3-455e-b0be-f3499c60e351,2009,1790531453153,1790531458443,5.29,99cac6b600a363eb41228bfdd75e070f7a57040cc7a4c8fa30f8f8da3480da36
5080 Laptop,3080 Ti Laptop,11,931ded28-40d7-4636-8700-e27a16fc1ad5,2010,1790531459587,1790531464676,5.089,73b3df9b488554e2b16570fdedb672d822412687f856675026c86879b4559a95
5080 Laptop,3080 Ti Laptop,12,1f08cfec-0bbb-49cb-afde-e42736a36ecb,2011,1790531466097,1790531471154,5.057,8b001520a2267eb214a997393248d2622932b0d3d52dc76701762f0efff67a80
5080 Laptop,3080 Ti Laptop,13,f58e8e15-14fc-4f86-9ad7-f81e8a9f22dd,2012,1790531472516,1790531477390,4.874,4c689a3353bcec841964e544f4ed5929bf46b5c6ed09dd34e3032eed35241fe5
5080 Laptop,3080 Ti Laptop,14,d9266e28-bc00-4212-be59-b2c96a1d5d72,2013,1790531478984,1790531483944,4.96,d3697729bbb001c3ba33c1d8935f5163333add50957b05e00cb860de602ef6ef
5080 Laptop,3080 Ti Laptop,15,7f39ee1a-23ae-4e4b-bd54-c1d998351152,2014,1790531485356,1790531490762,5.406,e81e0f9577f2486162c529c2f53a69086d94fa5b51d6c6fc003aad61fea126f1
5080 Laptop,3080 Ti Laptop,16,24221ddd-acc9-4c92-820f-17f3d8d37201,2015,1790531491711,1790531496325,4.614,0b894e241a19cfd8b789bd0775ea570a16eed0e59d82037c1925277610f0a0df
5080 Laptop,3080 Ti Laptop,17,ef9c4ff7-8a07-4a8a-8b2f-6a96e7480698,2016,1790531498199,1790531503098,4.899,fee03af9cdf6889e90ac4d212689e8020d98b9fae430216ec0850751e1bbde6d
5080 Laptop,3080 Ti Laptop,18,accf75b6-d419-4ee7-a741-63073b292927,2017,1790531504568,1790531509188,4.62,1d3a6424b2931c267e51a6589de1e1ac92be54cb3624860390e7b9415b703903
5080 Laptop,3080 Ti Laptop,19,dc74376e-c04c-409c-84f8-9fbc2330e6a7,2018,1790531510928,1790531515608,4.68,0b582a0900fba12947a898cf223db0eafb265b4ebf232eb70d291691b0a7b387
5080 Laptop,3080 Ti Laptop,20,b047affd-9bf7-4acc-92e7-2a9a13f4852b,2019,1790531517372,1790531522473,5.101,367cbf864b159a8df6572227afe041e2552e8348d30ce7db00eda5fcc4790ef2
4080 Laptop,3080 Ti Laptop,1,73a65cd8-7efa-4c86-b650-60a57707fdf5,2000,1790531408376,1790531468015,59.639,d6c1af0ed4c10c23a61cfb5115c9a68b9dd72d0b7d13853322cef7e1118a8416
4080 Laptop,3080 Ti Laptop,2,96ada7a1-8bc4-4163-9f0d-2357d3b1fc60,2001,1790531470240,1790531476165,5.925,48f27eb45ec6d48eb8f5d6c2c3bb4bc8757e49f5f68cc42b8f51843570e831a5
4080 Laptop,3080 Ti Laptop,3,57680726-99af-442c-ba6e-f1bc59bf9933,2002,1790531477294,1790531483576,6.282,8974f39400461f75cce1a28860c189895828250e2e5bcc0ba26c7c15d4924285
4080 Laptop,3080 Ti Laptop,4,029f724f-4eb3-4bf9-8c0b-f76e44dee0f4,2003,1790531484118,1790531490952,6.834,fe3f9a77939399b8f5964a32b47c31cbd562d36b510f8aced0b1b62505d3cc51
4080 Laptop,3080 Ti Laptop,5,835c0517-f0af-4002-8f4a-132447deac39,2004,1790531493173,1790531499401,6.228,351e5e1be298f3eb86756277cbef6fef4f9c2a267b02f9c6069bd01164a24e6a
4080 Laptop,3080 Ti Laptop,6,fe78e91d-5ef4-48d7-bb52-7416cb759dcb,2005,1790531500118,1790531506745,6.627,f830d8eed621dbd131c057c6d1b8938ee0beb83d3b49740f33b5bc325d33ee04
4080 Laptop,3080 Ti Laptop,7,2440ec95-6a5c-4363-a03f-ebf01e79cc9c,2006,1790531508889,1790531515053,6.164,142bc0cf74b4d746306cb003f6438506a3e9b9b491547375307aafc87ab7bda3
4080 Laptop,3080 Ti Laptop,8,3cc74f1a-712c-4052-9f40-26c56691770e,2007,1790531515655,1790531521943,6.288,eafcfc251a2fc7913c7a050137b8a78b0b616b8f354bac7a66b0aae620007f16
4080 Laptop,3080 Ti Laptop,9,dfed37f9-55ae-4710-8382-d22d7cf398f4,2008,1790531522466,1790531528924,6.458,53f56796bb58b846045f57ff52d249531ded4820657fc4f5a6e39822c7c7f7c2
4080 Laptop,3080 Ti Laptop,10,e52afd01-bead-4cb9-b5ab-1fbbefd6605b,2009,1790531529585,1790531535841,6.256,17cb5330f552985afc5d0bce2bbbb85cc4fa91a92a2eee2f40457f6f5ee99657
4080 Laptop,3080 Ti Laptop,11,81fbf27d-e693-436b-bf01-6f1ccc3947dd,2010,1790531536405,1790531542583,6.178,04214fd411841d8903d9fd2187e0665b9b7d367fa03a96398bdd77a66995ddaf
4080 Laptop,3080 Ti Laptop,12,695e7b6e-53be-4e39-80cf-80f23572f9c4,2011,1790531543199,1790531549108,5.909,562fa215ab05f790cdb2e5558c5144be27b56876ca352a9f09f9540eccbc7050
4080 Laptop,3080 Ti Laptop,13,1247f48c-1856-4319-a715-1107ee3d8052,2012,1790531550087,1790531556751,6.664,cf9cea8d2c317e222c79d5288cf5d38be3575cba6e1c0cabcd24fd329cd581ac
4080 Laptop,3080 Ti Laptop,14,1248ed11-0911-4b86-b51e-1bbd0f383431,2013,1790531559057,1790531565720,6.663,80ed97ef1b5549629ec5777d7d41ee44a9673c69d6ce8761fb90f428eb550703
4080 Laptop,3080 Ti Laptop,15,e978cd53-fd29-4bd4-87c2-d2040cdf0363,2014,1790531568076,1790531574471,6.395,dd36679e1d2ea96f69e22f1d81dd896ac889a1a03c6e185be6ce36b2a16288da
4080 Laptop,3080 Ti Laptop,16,24d2f15d-8dee-4b6d-a0f6-af431ff0bf8c,2015,1790531574715,1790531581105,6.39,7e6e1ddd04289df6a1759ddf8cfb617535cdf29805b0eedf4c6a7e81fc24c285
4080 Laptop,3080 Ti Laptop,17,a9df1922-ff6e-4474-a43d-a5088445b4e8,2016,1790531581751,1790531587865,6.114,c5fba3f142919e3523b5e73d5e3279a536f013fbb7b28991fcc94ebbe405686d
4080 Laptop,3080 Ti Laptop,18,974fad2e-b8d8-4768-bcd7-331e0cea1c6a,2017,1790531588626,1790531594995,6.369,561d533c37126f63a893407d21d2324d347d13fa6e7dd8030fee37a8ab402272
4080 Laptop,3080 Ti Laptop,19,3e41a043-1d3a-4061-b463-9c281f789d2b,2018,1790531595758,1790531602020,6.262,99926e14f2d64c26d30b047f7feac6c84a375bb16fbe887c47c77ccd43d21e4f
4080 Laptop,3080 Ti Laptop,20,6bcd004a-8828-45ab-8f61-9c9f7283a658,2019,1790531602670,1790531608968,6.298,065eee467789d1a6a3a8ffef63d1f121d188c0b5babc0010038e84b179ecee25
